Date Scraping,Informations Récompense,Lien Direct Récompense
2026-09-20 18:13:05,19/09/2026 à 20:00 50 Dés gratuits,https://rewards.dicedreams.com/?handler=reward&link=CommunityPost_190926baz
2026-09-20 18:13:05,19/09/2026 à 20:00 50 Dés gratuits,https://rewards.dicedreams.com/?handler=reward&link=CommunityStory_190926krj
2026-09-20 18:13:05,19/09/2026 à 20:00 50 Dés gratuits,https://rewards.dicedreams.com/?handler=reward&link=CommunityWhatsapp_190926
2026-09-20 18:13:05,18/09/2026 à 20:00 50 Dés gratuits,https://rewards.dicedreams.com/?handler=reward&link=CommunityPost_180926bpj
2026-09-20 18:13:05,18/09/2026 à 20:00 50 Dés gratuits,https://rewards.dicedreams.com/?handler=reward&link=CommunityStory_180926rtd
2026-09-20 18:13:05,18/09/2026 à 20:00 50 Dés gratuits,https://rewards.dicedreams.com/?handler=reward&link=CommunityWhatsapp_180926
2026-09-20 18:13:05,17/09/2026 à 20:00 50 Dés gratuits,https://rewards.dicedreams.com/?handler=reward&link=CommunityPost_170926llk
2026-09-20 18:13:05,17/09/2026 à 20:00 50 Dés gratuits,https://rewards.dicedreams.com/?handler=reward&link=CommunityStory_170926dsu
2026-09-20 18:13:05,16/09/2026 à 20:00 50 Dés gratuits,https://rewards.dicedreams.com/?handler=reward&link=CommunityPost_160926bqa
2026-09-20 18:13:05,16/09/2026 à 20:00 50 Dés gratuits,https://rewards.dicedreams.com/?handler=reward&link=CommunityStory_160926baz
2026-09-20 18:13:05,16/09/2026 à 16:00 50 Dés gratuits,https://rewards.dicedreams.com/?handler=reward&link=CommunityWhatsapp_160926
2026-09-20 18:13:05,16/09/2026 à 16:00 50 Dés gratuits,https://rewards.dicedreams.com/?handler=reward&link=CommunityPost_Trading_160926cx
2026-09-20 18:13:05,15/09/2026 à 20:00 50 Dés gratuits,https://rewards.dicedreams.com/?handler=reward&link=CommunityPost_150926pww
2026-09-20 18:13:05,15/09/2026 à 20:00 50 Dés gratuits,https://rewards.dicedreams.com/?handler=reward&link=CommunityStory_150926bpk
2026-09-20 18:13:05,14/09/2026 à 17:00 50 Dés gratuits,https://rewards.dicedreams.com/?handler=reward&link=CommunityPost_140926bpl
2026-09-20 18:13:05,14/09/2026 à 17:00 50 Dés gratuits,https://rewards.dicedreams.com/?handler=reward&link=CommunityStory_140926bza
2026-09-20 18:13:05,14/09/2026 à 17:00 50 Dés gratuits,https://rewards.dicedreams.com/?handler=reward&link=CommunityWhatsapp_140926
2026-09-20 18:13:05,13/09/2026 à 19:00 50 Dés gratuits,https://rewards.dicedreams.com/?handler=reward&link=CommunityPost_130926wad
2026-09-20 18:13:05,13/09/2026 à 19:00 50 Dés gratuits,https://rewards.dicedreams.com/?handler=reward&link=CommunityStory_130926bas
2026-09-20 18:13:05,13/09/2026 à 19:00 50 Dés gratuits,https://rewards.dicedreams.com/?handler=reward&link=CommunityWhatsapp_130926
2026-09-20 18:13:05,12/09/2026 à 20:00 50 Dés gratuits,https://rewards.dicedreams.com/?handler=reward&link=CommunityPost_120926ppa
2026-09-20 18:13:05,12/09/2026 à 20:00 50 Dés gratuits,https://rewards.dicedreams.com/?handler=reward&link=CommunityStory_120926bwe
2026-09-20 18:13:05,11/09/2026 à 20:00 50 Dés gratuits,https://rewards.dicedreams.com/?handler=reward&link=CommunityStory_110926ppl
2026-09-20 18:13:05,11/09/2026 à 20:00 50 Dés gratuits,https://rewards.dicedreams.com/?handler=reward&link=CommunityWhatsapp_110926
2026-09-20 18:13:05,11/09/2026 à 09:00 50 Dés gratuits,https://rewards.dicedreams.com/?handler=reward&link=CommunityStory_100926bbm
