Date Scraping,Date et Heure Événement,Quantité Dés,Lien Direct Récompense
2026-09-21 07:08:28,20/09/2026,50 Dés,https://rewards.dicedreams.com/?handler=reward&link=CommunityPost_200926zza
2026-09-21 07:08:28,20/09/2026,50 Dés,https://rewards.dicedreams.com/?handler=reward&link=CommunityStory_200926ndf
2026-09-21 07:08:28,20/09/2026,50 Dés,https://rewards.dicedreams.com/?handler=reward&link=CommunityWhatsapp_200926
2026-09-21 07:08:28,19/09/2026,50 Dés,https://rewards.dicedreams.com/?handler=reward&link=CommunityPost_190926baz
2026-09-21 07:08:28,19/09/2026,50 Dés,https://rewards.dicedreams.com/?handler=reward&link=CommunityStory_190926krj
2026-09-21 07:08:28,19/09/2026,50 Dés,https://rewards.dicedreams.com/?handler=reward&link=CommunityWhatsapp_190926
2026-09-21 07:08:28,18/09/2026,50 Dés,https://rewards.dicedreams.com/?handler=reward&link=CommunityPost_180926bpj
2026-09-21 07:08:28,18/09/2026,50 Dés,https://rewards.dicedreams.com/?handler=reward&link=CommunityStory_180926rtd
2026-09-21 07:08:28,18/09/2026,50 Dés,https://rewards.dicedreams.com/?handler=reward&link=CommunityWhatsapp_180926
2026-09-21 07:08:28,17/09/2026,50 Dés,https://rewards.dicedreams.com/?handler=reward&link=CommunityPost_170926llk
2026-09-21 07:08:28,17/09/2026,50 Dés,https://rewards.dicedreams.com/?handler=reward&link=CommunityStory_170926dsu
2026-09-21 07:08:28,16/09/2026,50 Dés,https://rewards.dicedreams.com/?handler=reward&link=CommunityPost_160926bqa
2026-09-21 07:08:28,16/09/2026,50 Dés,https://rewards.dicedreams.com/?handler=reward&link=CommunityStory_160926baz
2026-09-21 07:08:28,16/09/2026,50 Dés,https://rewards.dicedreams.com/?handler=reward&link=CommunityWhatsapp_160926
2026-09-21 07:08:28,16/09/2026,50 Dés,https://rewards.dicedreams.com/?handler=reward&link=CommunityPost_Trading_160926cx
2026-09-21 07:08:28,15/09/2026,50 Dés,https://rewards.dicedreams.com/?handler=reward&link=CommunityPost_150926pww
2026-09-21 07:08:28,15/09/2026,50 Dés,https://rewards.dicedreams.com/?handler=reward&link=CommunityStory_150926bpk
2026-09-21 07:08:28,14/09/2026,50 Dés,https://rewards.dicedreams.com/?handler=reward&link=CommunityPost_140926bpl
2026-09-21 07:08:28,14/09/2026,50 Dés,https://rewards.dicedreams.com/?handler=reward&link=CommunityStory_140926bza
2026-09-21 07:08:28,14/09/2026,50 Dés,https://rewards.dicedreams.com/?handler=reward&link=CommunityWhatsapp_140926
2026-09-21 07:08:28,13/09/2026,50 Dés,https://rewards.dicedreams.com/?handler=reward&link=CommunityPost_130926wad
2026-09-21 07:08:28,13/09/2026,50 Dés,https://rewards.dicedreams.com/?handler=reward&link=CommunityStory_130926bas
2026-09-21 07:08:28,13/09/2026,50 Dés,https://rewards.dicedreams.com/?handler=reward&link=CommunityWhatsapp_130926
2026-09-21 07:08:28,12/09/2026,50 Dés,https://rewards.dicedreams.com/?handler=reward&link=CommunityPost_120926ppa
2026-09-21 07:08:28,12/09/2026,50 Dés,https://rewards.dicedreams.com/?handler=reward&link=CommunityStory_120926bwe
